,fb_shares,site_link,site_link_title
0,28071,https://www.peerby.com/nl/producten/feest/id-TPqGSoGg-frietpan,Ik ben lid geworden van Peerby!
1,28071,https://www.peerby.com/nl/producten/klussen%20en%20doe-het-zelf/id-Hisp6mTe-betonschaar,Ik ben lid geworden van Peerby!
2,24690,https://www.peerby.com/settings,I just joined Peerby!
3,24687,https://www.peerby.com/nl/producten/Verhuizen,I just joined Peerby!
4,24687,https://www.peerby.com/nl/producten/vakantie-reizen,I just joined Peerby!
5,24687,https://www.peerby.com/contact,I just joined Peerby!
6,24687,https://www.peerby.com/terms-and-conditions,I just joined Peerby!
7,24687,https://www.peerby.com/rules,I just joined Peerby!
8,24687,https://www.peerby.com/products,I just joined Peerby!
9,24687,https://www.peerby.com/request-password,I just joined Peerby!
10,262,https://www.peerby.com/about,I just joined Peerby!
11,261,https://www.peerby.com/signup,https://www.peerby.com/one
12,261,https://www.peerby.com/privacy,https://www.peerby.com/one
13,261,https://www.peerby.com/one,https://www.peerby.com/one
14,258,https://www.peerby.com/start,https://www.peerby.com/one
